Workbook

Sheet Instrucciones
B1: Pruebas con usuarios (UAT y usabilidad)
B2: Funcionales y de aceptación (UAT) y usabilidad. Una fila por participante en la hoja de su rol.
B4: Cómo se llena
B5: Celdas amarillas | C5: Son las únicas que se llenan. Lo demás se calcula solo.
B6: Fila gris | C6: Es un ejemplo del formato y no cuenta en el resumen.
B7: Resultado | C7: Lista desplegable: Cumple (sin ayuda) · Con ayuda · No cumple. Solo «Cumple» cuenta como éxito.
B8: Minuto en video | C8: Minuto en que empieza el caso en la grabación, por ejemplo 03:15.
B9: Tiempo (min) | C9: Minutos que tardó la persona en el caso, por ejemplo 2,5.
B10: Errores | C10: Clics equivocados, retrocesos o mensajes de error que vio la persona.
B11: SUS P1 a P10 | C11: Respuesta de la persona, del 1 al 5. El puntaje SUS aparece al llenar las 10.
B13: Protocolo de grabación
B14: 1. Grabación | C14: Pantalla completa con el audio del micrófono, sin cortes, de principio a fin.
B15: 2. Apertura | C15: La persona dice su código, su rol, la fecha y la hora en pantalla, y «Autorizo esta grabación para fines de evaluación».
B16: 3. Persona en vivo | C16: El moderador dicta un número al azar; la persona lo dice en voz alta y lo escribe en la plataforma.
B17: 4. Durante los casos | C17: Antes de cada caso dice su código (por ejemplo «Caso ADM-01»). Piensa en voz alta. El moderador no ayuda.
B18: 5. Casos con efectos | C18: Si un caso genera efectos reales (alertas, avisos, cobros), usar las cuentas del espacio de prueba y avisar antes al equipo.
B19: 6. Cierre | C19: Responde las 10 preguntas del SUS en voz alta.
B20: Dónde va el video | C20: evidencia/02-08_usuarios/<rol>/<código>.mp4
B22: Flujo completo (casos marcados [Flujo completo])
B23: Qué demuestra | C23: Una misma entidad de prueba recorre todo el proceso, de punta a punta, con las mismas personas de cada rol.
B24: Orden de las sesiones | C24: <Escriba el orden: por ejemplo 1) Rol 2: R2-01 · 2) Rol 3: R3-01 · 3) Rol 1: R1-01>
B25: Condiciones | C25: Mismo día y misma entidad de prueba (con el prefijo TRL-QA-). Cada sesión empieza cuando la anterior terminó. Anotar en Observaciones el código de la entidad.
B27: Metas
B28: SUS mínimo | C28: 68
B29: Éxito mínimo de tareas | C29: 0.85
C30: SUS 68 es el promedio estándar de referencia; 85 % de éxito es la meta del plan de usabilidad. Valores en azul, editables.
B32: Cuestionario SUS (1 = totalmente en desacuerdo · 5 = totalmente de acuerdo)
B33: P1 | C33: Creo que me gustaría usar esta plataforma con frecuencia.
B34: P2 | C34: Encontré la plataforma innecesariamente compleja.
B35: P3 | C35: Pensé que la plataforma era fácil de usar.
B36: P4 | C36: Creo que necesitaría el apoyo de una persona técnica para poder usar la plataforma.
B37: P5 | C37: Encontré que las diferentes funciones de la plataforma estaban bien integradas.
B38: P6 | C38: Pensé que había demasiada inconsistencia en la plataforma.
B39: P7 | C39: Imagino que la mayoría de las personas aprenderían a usar esta plataforma muy rápido.
B40: P8 | C40: Encontré la plataforma muy incómoda de usar.
B41: P9 | C41: Me sentí muy seguro/a usando la plataforma.
B42: P10 | C42: Necesité aprender muchas cosas antes de poder empezar a usar la plataforma.
B43: Cálculo | C43: Impares: respuesta − 1. Pares: 5 − respuesta. Se suman los 10 valores y se multiplica por 2,5. Resultado de 0 a 100.

Sheet Resumen
A1: Resumen por rol
A2: Se calcula solo a partir de las hojas de cada rol. No incluye las filas de ejemplo.
A4: Rol | B4: Participantes | C4: Participantes previstos | D4: Casos intentados | E4: Casos en Cumple | F4: Éxito de tareas | G4: Errores promedio por persona | H4: SUS promedio | I4: Cumple meta SUS | J4: Cumple meta de éxito | K4: Tiempo promedio por caso (min)
A5: Rol 1 (principal) | B5: =COUNTA('Rol 1 (principal)'!$A$11:$A$20) | C5: 1 | D5: =SUM('Rol 1 (principal)'!$AA$11:$AA$20) | E5: =SUM('Rol 1 (principal)'!$AB$11:$AB$20) | F5: =IF(D5=0,"",E5/D5) | G5: =IF(B5=0,"",SUM('Rol 1 (principal)'!$AD$11:$AD$20)/B5) | H5: =IF(COUNT('Rol 1 (principal)'!$Z$11:$Z$20)=0,"",AVERAGE('Rol 1 (principal)'!$Z$11:$Z$20)) | I5: =IF(H5="","",IF(H5>=Instrucciones!$C$28,"Sí","No")) | J5: =IF(F5="","",IF(F5>=Instrucciones!$C$29,"Sí","No")) | K5: =IF(COUNT('Rol 1 (principal)'!$AE$11:$AE$20)=0,"",AVERAGE('Rol 1 (principal)'!$AE$11:$AE$20))
A6: Rol 2 | B6: =COUNTA('Rol 2'!$A$10:$A$19) | C6: 1 | D6: =SUM('Rol 2'!$W$10:$W$19) | E6: =SUM('Rol 2'!$X$10:$X$19) | F6: =IF(D6=0,"",E6/D6) | G6: =IF(B6=0,"",SUM('Rol 2'!$Z$10:$Z$19)/B6) | H6: =IF(COUNT('Rol 2'!$V$10:$V$19)=0,"",AVERAGE('Rol 2'!$V$10:$V$19)) | I6: =IF(H6="","",IF(H6>=Instrucciones!$C$28,"Sí","No")) | J6: =IF(F6="","",IF(F6>=Instrucciones!$C$29,"Sí","No")) | K6: =IF(COUNT('Rol 2'!$AA$10:$AA$19)=0,"",AVERAGE('Rol 2'!$AA$10:$AA$19))
A7: Rol 3 | B7: =COUNTA('Rol 3'!$A$10:$A$19) | C7: 1 | D7: =SUM('Rol 3'!$W$10:$W$19) | E7: =SUM('Rol 3'!$X$10:$X$19) | F7: =IF(D7=0,"",E7/D7) | G7: =IF(B7=0,"",SUM('Rol 3'!$Z$10:$Z$19)/B7) | H7: =IF(COUNT('Rol 3'!$V$10:$V$19)=0,"",AVERAGE('Rol 3'!$V$10:$V$19)) | I7: =IF(H7="","",IF(H7>=Instrucciones!$C$28,"Sí","No")) | J7: =IF(F7="","",IF(F7>=Instrucciones!$C$29,"Sí","No")) | K7: =IF(COUNT('Rol 3'!$AA$10:$AA$19)=0,"",AVERAGE('Rol 3'!$AA$10:$AA$19))
A8: Total | B8: =SUM(B5:B7) | C8: =SUM(C5:C7) | D8: =SUM(D5:D7) | E8: =SUM(E5:E7) | F8: =IF(D8=0,"",E8/D8)
A10: Participantes previstos según el marco TRL 6: al menos 1 por rol, que no haya participado en el desarrollo ni en las pruebas (valores en azul, editables). Renombre las hojas con los roles reales.

Sheet Rol 1 (principal)
A1: Rol 1 (principal) · casos de prueba
A3: Caso | B3: Tarea | C3: Resultado esperado
A4: R1-01 | B4: [Flujo completo] <Tarea del rol principal en el flujo de punta a punta> | C4: <Resultado observable esperado>
A5: R1-02 | B5: <Tarea> | C5: <Resultado esperado>
A6: R1-03 | B6: <Tarea> | C6: <Resultado esperado>
D8: R1-01 | H8: R1-02 | L8: R1-03 | P8: SUS (1 a 5) | Z8: Calculado (no editar)
A9: Participante (código) | B9: Fecha | C9: Archivo de video | D9: Resultado | E9: Minuto en video | F9: Tiempo (min) | G9: Errores | H9: Resultado | I9: Minuto en video | J9: Tiempo (min) | K9: Errores | L9: Resultado | M9: Minuto en video | N9: Tiempo (min) | O9: Errores | P9: P1 | Q9: P2 | R9: P3 | S9: P4 | T9: P5 | U9: P6 | V9: P7 | W9: P8 | X9: P9 | Y9: P10 | Z9: Puntaje SUS | AA9: Casos intentados | AB9: Casos en Cumple | AC9: Éxito de tareas | AD9: Errores totales | AE9: Tiempo promedio por caso (min) | AF9: Observaciones
A10: EJEMPLO | B10: 46037 | C10: R1-01.mp4 | D10: Cumple | E10: 01:00 | F10: 1.5 | G10: 0 | H10: Con ayuda | I10: 04:17 | J10: 2.2 | K10: 1 | L10: Cumple | M10: 07:34 | N10: 2.9 | O10: 2 | P10: 4 | Q10: 2 | R10: 4 | S10: 1 | T10: 4 | U10: 2 | V10: 5 | W10: 1 | X10: 4 | Y10: 2 | Z10: =IF(COUNT(P10:Y10)=10,((P10+R10+T10+V10+X10-5)+(25-Q10-S10-U10-W10-Y10))*2.5,"") | AA10: =IF($A10="","",(D10<>"")+(H10<>"")+(L10<>"")) | AB10: =IF($A10="","",(D10="Cumple")+(H10="Cumple")+(L10="Cumple")) | AC10: =IF($A10="","",IF(AA10=0,"",AB10/AA10)) | AD10: =IF($A10="","",N(G10)+N(K10)+N(O10)) | AE10: =IF($A10="","",IF(COUNT(F10,J10,N10)=0,"",AVERAGE(F10,J10,N10))) | AF10: Fila de ejemplo: no cuenta en el resumen
Z11: =IF(COUNT(P11:Y11)=10,((P11+R11+T11+V11+X11-5)+(25-Q11-S11-U11-W11-Y11))*2.5,"") | AA11: =IF($A11="","",(D11<>"")+(H11<>"")+(L11<>"")) | AB11: =IF($A11="","",(D11="Cumple")+(H11="Cumple")+(L11="Cumple")) | AC11: =IF($A11="","",IF(AA11=0,"",AB11/AA11)) | AD11: =IF($A11="","",N(G11)+N(K11)+N(O11)) | AE11: =IF($A11="","",IF(COUNT(F11,J11,N11)=0,"",AVERAGE(F11,J11,N11)))
Z12: =IF(COUNT(P12:Y12)=10,((P12+R12+T12+V12+X12-5)+(25-Q12-S12-U12-W12-Y12))*2.5,"") | AA12: =IF($A12="","",(D12<>"")+(H12<>"")+(L12<>"")) | AB12: =IF($A12="","",(D12="Cumple")+(H12="Cumple")+(L12="Cumple")) | AC12: =IF($A12="","",IF(AA12=0,"",AB12/AA12)) | AD12: =IF($A12="","",N(G12)+N(K12)+N(O12)) | AE12: =IF($A12="","",IF(COUNT(F12,J12,N12)=0,"",AVERAGE(F12,J12,N12)))
Z13: =IF(COUNT(P13:Y13)=10,((P13+R13+T13+V13+X13-5)+(25-Q13-S13-U13-W13-Y13))*2.5,"") | AA13: =IF($A13="","",(D13<>"")+(H13<>"")+(L13<>"")) | AB13: =IF($A13="","",(D13="Cumple")+(H13="Cumple")+(L13="Cumple")) | AC13: =IF($A13="","",IF(AA13=0,"",AB13/AA13)) | AD13: =IF($A13="","",N(G13)+N(K13)+N(O13)) | AE13: =IF($A13="","",IF(COUNT(F13,J13,N13)=0,"",AVERAGE(F13,J13,N13)))
Z14: =IF(COUNT(P14:Y14)=10,((P14+R14+T14+V14+X14-5)+(25-Q14-S14-U14-W14-Y14))*2.5,"") | AA14: =IF($A14="","",(D14<>"")+(H14<>"")+(L14<>"")) | AB14: =IF($A14="","",(D14="Cumple")+(H14="Cumple")+(L14="Cumple")) | AC14: =IF($A14="","",IF(AA14=0,"",AB14/AA14)) | AD14: =IF($A14="","",N(G14)+N(K14)+N(O14)) | AE14: =IF($A14="","",IF(COUNT(F14,J14,N14)=0,"",AVERAGE(F14,J14,N14)))
Z15: =IF(COUNT(P15:Y15)=10,((P15+R15+T15+V15+X15-5)+(25-Q15-S15-U15-W15-Y15))*2.5,"") | AA15: =IF($A15="","",(D15<>"")+(H15<>"")+(L15<>"")) | AB15: =IF($A15="","",(D15="Cumple")+(H15="Cumple")+(L15="Cumple")) | AC15: =IF($A15="","",IF(AA15=0,"",AB15/AA15)) | AD15: =IF($A15="","",N(G15)+N(K15)+N(O15)) | AE15: =IF($A15="","",IF(COUNT(F15,J15,N15)=0,"",AVERAGE(F15,J15,N15)))
Z16: =IF(COUNT(P16:Y16)=10,((P16+R16+T16+V16+X16-5)+(25-Q16-S16-U16-W16-Y16))*2.5,"") | AA16: =IF($A16="","",(D16<>"")+(H16<>"")+(L16<>"")) | AB16: =IF($A16="","",(D16="Cumple")+(H16="Cumple")+(L16="Cumple")) | AC16: =IF($A16="","",IF(AA16=0,"",AB16/AA16)) | AD16: =IF($A16="","",N(G16)+N(K16)+N(O16)) | AE16: =IF($A16="","",IF(COUNT(F16,J16,N16)=0,"",AVERAGE(F16,J16,N16)))
Z17: =IF(COUNT(P17:Y17)=10,((P17+R17+T17+V17+X17-5)+(25-Q17-S17-U17-W17-Y17))*2.5,"") | AA17: =IF($A17="","",(D17<>"")+(H17<>"")+(L17<>"")) | AB17: =IF($A17="","",(D17="Cumple")+(H17="Cumple")+(L17="Cumple")) | AC17: =IF($A17="","",IF(AA17=0,"",AB17/AA17)) | AD17: =IF($A17="","",N(G17)+N(K17)+N(O17)) | AE17: =IF($A17="","",IF(COUNT(F17,J17,N17)=0,"",AVERAGE(F17,J17,N17)))
Z18: =IF(COUNT(P18:Y18)=10,((P18+R18+T18+V18+X18-5)+(25-Q18-S18-U18-W18-Y18))*2.5,"") | AA18: =IF($A18="","",(D18<>"")+(H18<>"")+(L18<>"")) | AB18: =IF($A18="","",(D18="Cumple")+(H18="Cumple")+(L18="Cumple")) | AC18: =IF($A18="","",IF(AA18=0,"",AB18/AA18)) | AD18: =IF($A18="","",N(G18)+N(K18)+N(O18)) | AE18: =IF($A18="","",IF(COUNT(F18,J18,N18)=0,"",AVERAGE(F18,J18,N18)))
Z19: =IF(COUNT(P19:Y19)=10,((P19+R19+T19+V19+X19-5)+(25-Q19-S19-U19-W19-Y19))*2.5,"") | AA19: =IF($A19="","",(D19<>"")+(H19<>"")+(L19<>"")) | AB19: =IF($A19="","",(D19="Cumple")+(H19="Cumple")+(L19="Cumple")) | AC19: =IF($A19="","",IF(AA19=0,"",AB19/AA19)) | AD19: =IF($A19="","",N(G19)+N(K19)+N(O19)) | AE19: =IF($A19="","",IF(COUNT(F19,J19,N19)=0,"",AVERAGE(F19,J19,N19)))
Z20: =IF(COUNT(P20:Y20)=10,((P20+R20+T20+V20+X20-5)+(25-Q20-S20-U20-W20-Y20))*2.5,"") | AA20: =IF($A20="","",(D20<>"")+(H20<>"")+(L20<>"")) | AB20: =IF($A20="","",(D20="Cumple")+(H20="Cumple")+(L20="Cumple")) | AC20: =IF($A20="","",IF(AA20=0,"",AB20/AA20)) | AD20: =IF($A20="","",N(G20)+N(K20)+N(O20)) | AE20: =IF($A20="","",IF(COUNT(F20,J20,N20)=0,"",AVERAGE(F20,J20,N20)))

Sheet Rol 2
A1: Rol 2 · casos de prueba
A3: Caso | B3: Tarea | C3: Resultado esperado
A4: R2-01 | B4: [Flujo completo] <Tarea> | C4: <Resultado esperado>
A5: R2-02 | B5: <Tarea> | C5: <Resultado esperado>
D7: R2-01 | H7: R2-02 | L7: SUS (1 a 5) | V7: Calculado (no editar)
A8: Participante (código) | B8: Fecha | C8: Archivo de video | D8: Resultado | E8: Minuto en video | F8: Tiempo (min) | G8: Errores | H8: Resultado | I8: Minuto en video | J8: Tiempo (min) | K8: Errores | L8: P1 | M8: P2 | N8: P3 | O8: P4 | P8: P5 | Q8: P6 | R8: P7 | S8: P8 | T8: P9 | U8: P10 | V8: Puntaje SUS | W8: Casos intentados | X8: Casos en Cumple | Y8: Éxito de tareas | Z8: Errores totales | AA8: Tiempo promedio por caso (min) | AB8: Observaciones
A9: EJEMPLO | B9: 46037 | C9: R2-01.mp4 | D9: Cumple | E9: 01:00 | F9: 1.5 | G9: 0 | H9: Con ayuda | I9: 04:17 | J9: 2.2 | K9: 1 | L9: 4 | M9: 2 | N9: 4 | O9: 1 | P9: 4 | Q9: 2 | R9: 5 | S9: 1 | T9: 4 | U9: 2 | V9: =IF(COUNT(L9:U9)=10,((L9+N9+P9+R9+T9-5)+(25-M9-O9-Q9-S9-U9))*2.5,"") | W9: =IF($A9="","",(D9<>"")+(H9<>"")) | X9: =IF($A9="","",(D9="Cumple")+(H9="Cumple")) | Y9: =IF($A9="","",IF(W9=0,"",X9/W9)) | Z9: =IF($A9="","",N(G9)+N(K9)) | AA9: =IF($A9="","",IF(COUNT(F9,J9)=0,"",AVERAGE(F9,J9))) | AB9: Fila de ejemplo: no cuenta en el resumen
V10: =IF(COUNT(L10:U10)=10,((L10+N10+P10+R10+T10-5)+(25-M10-O10-Q10-S10-U10))*2.5,"") | W10: =IF($A10="","",(D10<>"")+(H10<>"")) | X10: =IF($A10="","",(D10="Cumple")+(H10="Cumple")) | Y10: =IF($A10="","",IF(W10=0,"",X10/W10)) | Z10: =IF($A10="","",N(G10)+N(K10)) | AA10: =IF($A10="","",IF(COUNT(F10,J10)=0,"",AVERAGE(F10,J10)))
V11: =IF(COUNT(L11:U11)=10,((L11+N11+P11+R11+T11-5)+(25-M11-O11-Q11-S11-U11))*2.5,"") | W11: =IF($A11="","",(D11<>"")+(H11<>"")) | X11: =IF($A11="","",(D11="Cumple")+(H11="Cumple")) | Y11: =IF($A11="","",IF(W11=0,"",X11/W11)) | Z11: =IF($A11="","",N(G11)+N(K11)) | AA11: =IF($A11="","",IF(COUNT(F11,J11)=0,"",AVERAGE(F11,J11)))
V12: =IF(COUNT(L12:U12)=10,((L12+N12+P12+R12+T12-5)+(25-M12-O12-Q12-S12-U12))*2.5,"") | W12: =IF($A12="","",(D12<>"")+(H12<>"")) | X12: =IF($A12="","",(D12="Cumple")+(H12="Cumple")) | Y12: =IF($A12="","",IF(W12=0,"",X12/W12)) | Z12: =IF($A12="","",N(G12)+N(K12)) | AA12: =IF($A12="","",IF(COUNT(F12,J12)=0,"",AVERAGE(F12,J12)))
V13: =IF(COUNT(L13:U13)=10,((L13+N13+P13+R13+T13-5)+(25-M13-O13-Q13-S13-U13))*2.5,"") | W13: =IF($A13="","",(D13<>"")+(H13<>"")) | X13: =IF($A13="","",(D13="Cumple")+(H13="Cumple")) | Y13: =IF($A13="","",IF(W13=0,"",X13/W13)) | Z13: =IF($A13="","",N(G13)+N(K13)) | AA13: =IF($A13="","",IF(COUNT(F13,J13)=0,"",AVERAGE(F13,J13)))
V14: =IF(COUNT(L14:U14)=10,((L14+N14+P14+R14+T14-5)+(25-M14-O14-Q14-S14-U14))*2.5,"") | W14: =IF($A14="","",(D14<>"")+(H14<>"")) | X14: =IF($A14="","",(D14="Cumple")+(H14="Cumple")) | Y14: =IF($A14="","",IF(W14=0,"",X14/W14)) | Z14: =IF($A14="","",N(G14)+N(K14)) | AA14: =IF($A14="","",IF(COUNT(F14,J14)=0,"",AVERAGE(F14,J14)))
V15: =IF(COUNT(L15:U15)=10,((L15+N15+P15+R15+T15-5)+(25-M15-O15-Q15-S15-U15))*2.5,"") | W15: =IF($A15="","",(D15<>"")+(H15<>"")) | X15: =IF($A15="","",(D15="Cumple")+(H15="Cumple")) | Y15: =IF($A15="","",IF(W15=0,"",X15/W15)) | Z15: =IF($A15="","",N(G15)+N(K15)) | AA15: =IF($A15="","",IF(COUNT(F15,J15)=0,"",AVERAGE(F15,J15)))
V16: =IF(COUNT(L16:U16)=10,((L16+N16+P16+R16+T16-5)+(25-M16-O16-Q16-S16-U16))*2.5,"") | W16: =IF($A16="","",(D16<>"")+(H16<>"")) | X16: =IF($A16="","",(D16="Cumple")+(H16="Cumple")) | Y16: =IF($A16="","",IF(W16=0,"",X16/W16)) | Z16: =IF($A16="","",N(G16)+N(K16)) | AA16: =IF($A16="","",IF(COUNT(F16,J16)=0,"",AVERAGE(F16,J16)))
V17: =IF(COUNT(L17:U17)=10,((L17+N17+P17+R17+T17-5)+(25-M17-O17-Q17-S17-U17))*2.5,"") | W17: =IF($A17="","",(D17<>"")+(H17<>"")) | X17: =IF($A17="","",(D17="Cumple")+(H17="Cumple")) | Y17: =IF($A17="","",IF(W17=0,"",X17/W17)) | Z17: =IF($A17="","",N(G17)+N(K17)) | AA17: =IF($A17="","",IF(COUNT(F17,J17)=0,"",AVERAGE(F17,J17)))
V18: =IF(COUNT(L18:U18)=10,((L18+N18+P18+R18+T18-5)+(25-M18-O18-Q18-S18-U18))*2.5,"") | W18: =IF($A18="","",(D18<>"")+(H18<>"")) | X18: =IF($A18="","",(D18="Cumple")+(H18="Cumple")) | Y18: =IF($A18="","",IF(W18=0,"",X18/W18)) | Z18: =IF($A18="","",N(G18)+N(K18)) | AA18: =IF($A18="","",IF(COUNT(F18,J18)=0,"",AVERAGE(F18,J18)))
V19: =IF(COUNT(L19:U19)=10,((L19+N19+P19+R19+T19-5)+(25-M19-O19-Q19-S19-U19))*2.5,"") | W19: =IF($A19="","",(D19<>"")+(H19<>"")) | X19: =IF($A19="","",(D19="Cumple")+(H19="Cumple")) | Y19: =IF($A19="","",IF(W19=0,"",X19/W19)) | Z19: =IF($A19="","",N(G19)+N(K19)) | AA19: =IF($A19="","",IF(COUNT(F19,J19)=0,"",AVERAGE(F19,J19)))

Sheet Rol 3
A1: Rol 3 · casos de prueba
A3: Caso | B3: Tarea | C3: Resultado esperado
A4: R3-01 | B4: <Tarea> | C4: <Resultado esperado>
A5: R3-02 | B5: <Tarea> | C5: <Resultado esperado>
D7: R3-01 | H7: R3-02 | L7: SUS (1 a 5) | V7: Calculado (no editar)
A8: Participante (código) | B8: Fecha | C8: Archivo de video | D8: Resultado | E8: Minuto en video | F8: Tiempo (min) | G8: Errores | H8: Resultado | I8: Minuto en video | J8: Tiempo (min) | K8: Errores | L8: P1 | M8: P2 | N8: P3 | O8: P4 | P8: P5 | Q8: P6 | R8: P7 | S8: P8 | T8: P9 | U8: P10 | V8: Puntaje SUS | W8: Casos intentados | X8: Casos en Cumple | Y8: Éxito de tareas | Z8: Errores totales | AA8: Tiempo promedio por caso (min) | AB8: Observaciones
A9: EJEMPLO | B9: 46037 | C9: R3-01.mp4 | D9: Cumple | E9: 01:00 | F9: 1.5 | G9: 0 | H9: Con ayuda | I9: 04:17 | J9: 2.2 | K9: 1 | L9: 4 | M9: 2 | N9: 4 | O9: 1 | P9: 4 | Q9: 2 | R9: 5 | S9: 1 | T9: 4 | U9: 2 | V9: =IF(COUNT(L9:U9)=10,((L9+N9+P9+R9+T9-5)+(25-M9-O9-Q9-S9-U9))*2.5,"") | W9: =IF($A9="","",(D9<>"")+(H9<>"")) | X9: =IF($A9="","",(D9="Cumple")+(H9="Cumple")) | Y9: =IF($A9="","",IF(W9=0,"",X9/W9)) | Z9: =IF($A9="","",N(G9)+N(K9)) | AA9: =IF($A9="","",IF(COUNT(F9,J9)=0,"",AVERAGE(F9,J9))) | AB9: Fila de ejemplo: no cuenta en el resumen
V10: =IF(COUNT(L10:U10)=10,((L10+N10+P10+R10+T10-5)+(25-M10-O10-Q10-S10-U10))*2.5,"") | W10: =IF($A10="","",(D10<>"")+(H10<>"")) | X10: =IF($A10="","",(D10="Cumple")+(H10="Cumple")) | Y10: =IF($A10="","",IF(W10=0,"",X10/W10)) | Z10: =IF($A10="","",N(G10)+N(K10)) | AA10: =IF($A10="","",IF(COUNT(F10,J10)=0,"",AVERAGE(F10,J10)))
V11: =IF(COUNT(L11:U11)=10,((L11+N11+P11+R11+T11-5)+(25-M11-O11-Q11-S11-U11))*2.5,"") | W11: =IF($A11="","",(D11<>"")+(H11<>"")) | X11: =IF($A11="","",(D11="Cumple")+(H11="Cumple")) | Y11: =IF($A11="","",IF(W11=0,"",X11/W11)) | Z11: =IF($A11="","",N(G11)+N(K11)) | AA11: =IF($A11="","",IF(COUNT(F11,J11)=0,"",AVERAGE(F11,J11)))
V12: =IF(COUNT(L12:U12)=10,((L12+N12+P12+R12+T12-5)+(25-M12-O12-Q12-S12-U12))*2.5,"") | W12: =IF($A12="","",(D12<>"")+(H12<>"")) | X12: =IF($A12="","",(D12="Cumple")+(H12="Cumple")) | Y12: =IF($A12="","",IF(W12=0,"",X12/W12)) | Z12: =IF($A12="","",N(G12)+N(K12)) | AA12: =IF($A12="","",IF(COUNT(F12,J12)=0,"",AVERAGE(F12,J12)))
V13: =IF(COUNT(L13:U13)=10,((L13+N13+P13+R13+T13-5)+(25-M13-O13-Q13-S13-U13))*2.5,"") | W13: =IF($A13="","",(D13<>"")+(H13<>"")) | X13: =IF($A13="","",(D13="Cumple")+(H13="Cumple")) | Y13: =IF($A13="","",IF(W13=0,"",X13/W13)) | Z13: =IF($A13="","",N(G13)+N(K13)) | AA13: =IF($A13="","",IF(COUNT(F13,J13)=0,"",AVERAGE(F13,J13)))
V14: =IF(COUNT(L14:U14)=10,((L14+N14+P14+R14+T14-5)+(25-M14-O14-Q14-S14-U14))*2.5,"") | W14: =IF($A14="","",(D14<>"")+(H14<>"")) | X14: =IF($A14="","",(D14="Cumple")+(H14="Cumple")) | Y14: =IF($A14="","",IF(W14=0,"",X14/W14)) | Z14: =IF($A14="","",N(G14)+N(K14)) | AA14: =IF($A14="","",IF(COUNT(F14,J14)=0,"",AVERAGE(F14,J14)))
V15: =IF(COUNT(L15:U15)=10,((L15+N15+P15+R15+T15-5)+(25-M15-O15-Q15-S15-U15))*2.5,"") | W15: =IF($A15="","",(D15<>"")+(H15<>"")) | X15: =IF($A15="","",(D15="Cumple")+(H15="Cumple")) | Y15: =IF($A15="","",IF(W15=0,"",X15/W15)) | Z15: =IF($A15="","",N(G15)+N(K15)) | AA15: =IF($A15="","",IF(COUNT(F15,J15)=0,"",AVERAGE(F15,J15)))
V16: =IF(COUNT(L16:U16)=10,((L16+N16+P16+R16+T16-5)+(25-M16-O16-Q16-S16-U16))*2.5,"") | W16: =IF($A16="","",(D16<>"")+(H16<>"")) | X16: =IF($A16="","",(D16="Cumple")+(H16="Cumple")) | Y16: =IF($A16="","",IF(W16=0,"",X16/W16)) | Z16: =IF($A16="","",N(G16)+N(K16)) | AA16: =IF($A16="","",IF(COUNT(F16,J16)=0,"",AVERAGE(F16,J16)))
V17: =IF(COUNT(L17:U17)=10,((L17+N17+P17+R17+T17-5)+(25-M17-O17-Q17-S17-U17))*2.5,"") | W17: =IF($A17="","",(D17<>"")+(H17<>"")) | X17: =IF($A17="","",(D17="Cumple")+(H17="Cumple")) | Y17: =IF($A17="","",IF(W17=0,"",X17/W17)) | Z17: =IF($A17="","",N(G17)+N(K17)) | AA17: =IF($A17="","",IF(COUNT(F17,J17)=0,"",AVERAGE(F17,J17)))
V18: =IF(COUNT(L18:U18)=10,((L18+N18+P18+R18+T18-5)+(25-M18-O18-Q18-S18-U18))*2.5,"") | W18: =IF($A18="","",(D18<>"")+(H18<>"")) | X18: =IF($A18="","",(D18="Cumple")+(H18="Cumple")) | Y18: =IF($A18="","",IF(W18=0,"",X18/W18)) | Z18: =IF($A18="","",N(G18)+N(K18)) | AA18: =IF($A18="","",IF(COUNT(F18,J18)=0,"",AVERAGE(F18,J18)))
V19: =IF(COUNT(L19:U19)=10,((L19+N19+P19+R19+T19-5)+(25-M19-O19-Q19-S19-U19))*2.5,"") | W19: =IF($A19="","",(D19<>"")+(H19<>"")) | X19: =IF($A19="","",(D19="Cumple")+(H19="Cumple")) | Y19: =IF($A19="","",IF(W19=0,"",X19/W19)) | Z19: =IF($A19="","",N(G19)+N(K19)) | AA19: =IF($A19="","",IF(COUNT(F19,J19)=0,"",AVERAGE(F19,J19)))
